"JORNAIS-OU-REVISTAS_Author-URI","JORNAIS-OU-REVISTAS_Object_AREAS-DO-CONHECIMENTO","JORNAIS-OU-REVISTAS_Object_AREAS-DO-CONHECIMENTO_AREA-DO-CONHECIMENTO-1_NOME-DA-AREA-DO-CONHECIMENTO","JORNAIS-OU-REVISTAS_Object_AREAS-DO-CONHECIMENTO_AREA-DO-CONHECIMENTO-1_NOME-DA-ESPECIALIDADE","JORNAIS-OU-REVISTAS_Object_AREAS-DO-CONHECIMENTO_AREA-DO-CONHECIMENTO-1_NOME-DA-SUB-AREA-DO-CONHECIMENTO","JORNAIS-OU-REVISTAS_Object_AREAS-DO-CONHECIMENTO_AREA-DO-CONHECIMENTO-1_NOME-GRANDE-AREA-DO-CONHECIMENTO","JORNAIS-OU-REVISTAS_Object_AREAS-DO-CONHECIMENTO_AREA-DO-CONHECIMENTO-2_NOME-DA-AREA-DO-CONHECIMENTO","JORNAIS-OU-REVISTAS_Object_AREAS-DO-CONHECIMENTO_AREA-DO-CONHECIMENTO-2_NOME-DA-ESPECIALIDADE","JORNAIS-OU-REVISTAS_Object_AREAS-DO-CONHECIMENTO_AREA-DO-CONHECIMENTO-2_NOME-DA-SUB-AREA-DO-CONHECIMENTO","JORNAIS-OU-REVISTAS_Object_AREAS-DO-CONHECIMENTO_AREA-DO-CONHECIMENTO-2_NOME-GRANDE-AREA-DO-CONHECIMENTO","JORNAIS-OU-REVISTAS_Object_AREAS-DO-CONHECIMENTO_AREA-DO-CONHECIMENTO-3_NOME-DA-AREA-DO-CONHECIMENTO","JORNAIS-OU-REVISTAS_Object_AREAS-DO-CONHECIMENTO_AREA-DO-CONHECIMENTO-3_NOME-DA-ESPECIALIDADE","JORNAIS-OU-REVISTAS_Object_AREAS-DO-CONHECIMENTO_AREA-DO-CONHECIMENTO-3_NOME-DA-SUB-AREA-DO-CONHECIMENTO","JORNAIS-OU-REVISTAS_Object_AREAS-DO-CONHECIMENTO_AREA-DO-CONHECIMENTO-3_NOME-GRANDE-AREA-DO-CONHECIMENTO","JORNAIS-OU-REVISTAS_Object_AUTORES_0_NOME-COMPLETO-DO-AUTOR","JORNAIS-OU-REVISTAS_Object_AUTORES_0_NOME-PARA-CITACAO","JORNAIS-OU-REVISTAS_Object_AUTORES_0_NRO-ID-CNPQ","JORNAIS-OU-REVISTAS_Object_AUTORES_0_ORDEM-DE-AUTORIA","JORNAIS-OU-REVISTAS_Object_AUTORES_1_NOME-COMPLETO-DO-AUTOR","JORNAIS-OU-REVISTAS_Object_AUTORES_1_NOME-PARA-CITACAO","JORNAIS-OU-REVISTAS_Object_AUTORES_1_NRO-ID-CNPQ","JORNAIS-OU-REVISTAS_Object_AUTORES_1_ORDEM-DE-AUTORIA","JORNAIS-OU-REVISTAS_Object_AUTORES_2_NOME-COMPLETO-DO-AUTOR","JORNAIS-OU-REVISTAS_Object_AUTORES_2_NOME-PARA-CITACAO","JORNAIS-OU-REVISTAS_Object_AUTORES_2_NRO-ID-CNPQ","JORNAIS-OU-REVISTAS_Object_AUTORES_2_ORDEM-DE-AUTORIA","JORNAIS-OU-REVISTAS_Object_AUTORES_3_NOME-COMPLETO-DO-AUTOR","JORNAIS-OU-REVISTAS_Object_AUTORES_3_NOME-PARA-CITACAO","JORNAIS-OU-REVISTAS_Object_AUTORES_3_NRO-ID-CNPQ","JORNAIS-OU-REVISTAS_Object_AUTORES_3_ORDEM-DE-AUTORIA","JORNAIS-OU-REVISTAS_Object_AUTORES_4_NOME-COMPLETO-DO-AUTOR","JORNAIS-OU-REVISTAS_Object_AUTORES_4_NOME-PARA-CITACAO","JORNAIS-OU-REVISTAS_Object_AUTORES_4_NRO-ID-CNPQ","JORNAIS-OU-REVISTAS_Object_AUTORES_4_ORDEM-DE-AUTORIA","JORNAIS-OU-REVISTAS_Object_AUTORES_5_NOME-COMPLETO-DO-AUTOR","JORNAIS-OU-REVISTAS_Object_AUTORES_5_NOME-PARA-CITACAO","JORNAIS-OU-REVISTAS_Object_AUTORES_5_NRO-ID-CNPQ","JORNAIS-OU-REVISTAS_Object_AUTORES_5_ORDEM-DE-AUTORIA","JORNAIS-OU-REVISTAS_Object_AUTORES_NOME-COMPLETO-DO-AUTOR","JORNAIS-OU-REVISTAS_Object_AUTORES_NOME-PARA-CITACAO","JORNAIS-OU-REVISTAS_Object_AUTORES_NRO-ID-CNPQ","JORNAIS-OU-REVISTAS_Object_AUTORES_ORDEM-DE-AUTORIA","JORNAIS-OU-REVISTAS_Object_DADOS-BASICOS-DO-TEXTO_ANO-DO-TEXTO","JORNAIS-OU-REVISTAS_Object_DADOS-BASICOS-DO-TEXTO_DOI","JORNAIS-OU-REVISTAS_Object_DADOS-BASICOS-DO-TEXTO_FLAG-DIVULGACAO-CIENTIFICA","JORNAIS-OU-REVISTAS_Object_DADOS-BASICOS-DO-TEXTO_FLAG-RELEVANCIA","JORNAIS-OU-REVISTAS_Object_DADOS-BASICOS-DO-TEXTO_HOME-PAGE-DO-TRABALHO","JORNAIS-OU-REVISTAS_Object_DADOS-BASICOS-DO-TEXTO_IDIOMA","JORNAIS-OU-REVISTAS_Object_DADOS-BASICOS-DO-TEXTO_MEIO-DE-DIVULGACAO","JORNAIS-OU-REVISTAS_Object_DADOS-BASICOS-DO-TEXTO_NATUREZA","JORNAIS-OU-REVISTAS_Object_DADOS-BASICOS-DO-TEXTO_PAIS-DE-PUBLICACAO","JORNAIS-OU-REVISTAS_Object_DADOS-BASICOS-DO-TEXTO_TITULO-DO-TEXTO","JORNAIS-OU-REVISTAS_Object_DADOS-BASICOS-DO-TEXTO_TITULO-DO-TEXTO-INGLES","JORNAIS-OU-REVISTAS_Object_DETALHAMENTO-DO-TEXTO_DATA-DE-PUBLICACAO","JORNAIS-OU-REVISTAS_Object_DETALHAMENTO-DO-TEXTO_ISSN","JORNAIS-OU-REVISTAS_Object_DETALHAMENTO-DO-TEXTO_LOCAL-DE-PUBLICACAO","JORNAIS-OU-REVISTAS_Object_DETALHAMENTO-DO-TEXTO_PAGINA-FINAL","JORNAIS-OU-REVISTAS_Object_DETALHAMENTO-DO-TEXTO_PAGINA-INICIAL","JORNAIS-OU-REVISTAS_Object_DETALHAMENTO-DO-TEXTO_TITULO-DO-JORNAL-OU-REVISTA","JORNAIS-OU-REVISTAS_Object_DETALHAMENTO-DO-TEXTO_VOLUME","JORNAIS-OU-REVISTAS_Object_INFORMACOES-ADICIONAIS_DESCRICAO-INFORMACOES-ADICIONAIS","JORNAIS-OU-REVISTAS_Object_INFORMACOES-ADICIONAIS_DESCRICAO-INFORMACOES-ADICIONAIS-INGLES","JORNAIS-OU-REVISTAS_Object_PALAVRAS-CHAVE_PALAVRA-CHAVE-1","JORNAIS-OU-REVISTAS_Object_PALAVRAS-CHAVE_PALAVRA-CHAVE-2","JORNAIS-OU-REVISTAS_Object_PALAVRAS-CHAVE_PALAVRA-CHAVE-3","JORNAIS-OU-REVISTAS_Object_PALAVRAS-CHAVE_PALAVRA-CHAVE-4","JORNAIS-OU-REVISTAS_Object_PALAVRAS-CHAVE_PALAVRA-CHAVE-5","JORNAIS-OU-REVISTAS_Object_PALAVRAS-CHAVE_PALAVRA-CHAVE-6","JORNAIS-OU-REVISTAS_Object_SEQUENCIA-PRODUCAO","JORNAIS-OU-REVISTAS_Object_SETORES-DE-ATIVIDADE_SETOR-DE-ATIVIDADE-1","JORNAIS-OU-REVISTAS_Object_SETORES-DE-ATIVIDADE_SETOR-DE-ATIVIDADE-2","JORNAIS-OU-REVISTAS_Object_SETORES-DE-ATIVIDADE_SETOR-DE-ATIVIDADE-3"
"http://www.ic.ufal.br/dac/author/lattes/5799087859446298","","","","","CIENCIAS_HUMANAS","","","","","","","","","Maria Lúcia Moreira Gomes","GOMES, M. L. M.","","1","Rosiane Lúcia Ribeiro","RIBEIRO, R. L.","","2","Gilmara Teixeira Barcelos Peixoto","BARCELOS, G. T.","5799087859446298","3","","","","","","","","","","","","","","","","","2013","","SIM","NAO","","Português","NAO_INFORMADO","JORNAL_DE_NOTICIAS","Brasil","Os caminhos dos cursos a distância","","24042013","","Campos dos Goytacazes-Rj","5","5","Jornal folha da manhã","","","","Educação a Distância","","","","","","313","Educação","",""
"http://www.ic.ufal.br/dac/author/lattes/1924119407995975","","","","","","","","","","","","","","","","","","","","","","","","","","","","","","","","","","","","","","Amilton Rodrigo de Quadros Martins","MARTINS, Amilton Rodrigo de Quadros;MARTINS, A.R.Q.","1924119407995975","1","2012","","NAO","NAO","www.onacional.com.br","Português","VARIOS","JORNAL_DE_NOTICIAS","Brasil","Coluna Mensal de TI","","","","","","","Jornal o Nacional - Caderno Administrar","","","","","","","","","","111","","",""
"http://www.ic.ufal.br/dac/author/lattes/8953646779705648","","","","","","","","","","","","","","","","","","","","","","","","","","","","","","","","","","","","","","Fernando da Costa Barbosa","BARBOSA, F. C.","","1","1995","","NAO","NAO","","Português","IMPRESSO","JORNAL_DE_NOTICIAS","Brasil","Sou menor de rua..","","28101995","","Uberlândia","","","Jornal Correio","","","","","","","","","","80","","",""
"http://www.ic.ufal.br/dac/author/lattes/6049688086485471","","Ciência da Computação","Planejamento Instrutivo","Inteligência Artificial","CIENCIAS_EXATAS_E_DA_TERRA","","","","","","","","","Bruno Queiroz Pinto","PINTO, B. Q.","","1","Carlos Roberto Lopes","LOPES, C. R.","","2","Marcia Fernandes","FERNANDES, M.","","3","","","","","","","","","","","","","","","","","2003","","SIM","SIM","http://www.ieeetclt.org/issues/january2003/index.html","Inglês","HIPERTEXTO","JORNAL_DE_NOTICIAS","Brasil","Using the IEEE LTSC LOM Standard in Instructional Planning","","30012003","14380625","","38","36","Learning Technology Newsletter","5","","","Educação a Distancia","Planejamento Instrucional","","","","","39","Educação","Formação Permanente e Outras Atividades de Ensino, Inclusive Educação À Distância e Educação Especial",""
"http://www.ic.ufal.br/dac/author/lattes/6291180108001122","","","","","","","","","","","","","","","","","","","","","","","","","","","","","","","","","","","","","","Elizabeth Sueli Specialski","SPECIALSKI, E. S.","","1","1997","","NAO","NAO","","Português","IMPRESSO","REVISTA_MAGAZINE","Brasil","O Problema da correlação de alarmes: uma proposta de aplicação da teoria Rough sets.","","03041997","","Porto Alegre - RS","","","Revista de Informatica Teorica e Aplicada","IV","","","","","","","","","138","","",""
"http://www.ic.ufal.br/dac/author/lattes/9426650405097319","","","Sistemas de Informação","Metodologia e Técnicas da Computação","CIENCIAS_EXATAS_E_DA_TERRA","Administração","","Administração da Informação","CIENCIAS_SOCIAIS_APLICADAS","","","","","Eduardo Henrique Diniz","DINIZ, E. H.","0479416774019401","1","Adrian Kemmer Cernev","CERNEV, A. K.","3869859773177541","2","Lauro Gonzalez","GONZALEZ, L.","","3","João Porto de Albuquerque","de ALBUQUERQUE, J. P.","","4","","","","","","","","","","","","","2013","","SIM","NAO","http://www.europeanfinancialreview.com/?p=6882","Inglês","VARIOS","REVISTA_MAGAZINE","Inglaterra","Mobile Payments in Brazil: How to Make Them Happen?","Mobile Payments in Brazil: How to Make Them Happen?","01062013","17575680","London","58","55","The European Financial Review","","","","mobile payment","Aspectos Sociotécnicos de Sistemas de Informação","Ciencia Tecnologia e Sociedade","Sistemas de Informação","ICT for Development","","227","Atividades auxiliares dos serviços financeiros, seguros, previdência complementar e planos de saúde","",""
"http://www.ic.ufal.br/dac/author/lattes/2808787853025159","","","","","","","","","","","","","","Rosa Malena Bergamo Sotero","SOTERO, R. M. B.","","1","Irani Ferreira da Silva Gerab","GERAB,IRANÍ FERREIRA","","2","João Gabriel","GABRIEL, J.","","3","","","","","","","","","","","","","","","","","2015","","SIM","NAO","http://www.unifesp.br/reitoria/dci/images/DCI/revistas/Entreteses/Entreteses_05_2015.pdf","Português","NAO_INFORMADO","REVISTA_MAGAZINE","Brasil","Fale conosco: desafio da informação transparente e de qualidade na internet","","01112015","","São Paulo","60","58","Entreteses","","","","","","","","","","248","","",""
"http://www.ic.ufal.br/dac/author/lattes/1435405686437314","","","","","","","","","","","","","","Douglas Gomes de Sousa","SOUSA, D. G.","","1","Juliano Lucas Gonçalves","GONCALVES, J. L.","","2","Anderson Priebe Ferrugem","Ferrugem, A.P.","","3","Ana Marilza Pernas Fleischmann","PERNAS, A. M.","","4","","","","","","","","","","","","","2011","","NAO","NAO","http://facol.com/si/sinforme/2011/Artigo02.pdf","Português","MEIO_DIGITAL","REVISTA_MAGAZINE","Brasil","Mineração de Dados para Descoberta de Padrões: Um Estudo de Caso aplicado à Base de Dados da Delegacia Regional do Trabalho","","","","","15","1","Revista SInforme","","","","","","","","","","110","","",""
"http://www.ic.ufal.br/dac/author/lattes/7484786835288826","","","","","","","","","","","","","","Natalie Fernández del Real","REAL, N. F.","6628803480863026","1","Annabell Del Real Tamariz","ANNABELL D.R. TAMARIZ","","2","","","","","","","","","","","","","","","","","","","","","2014","","NAO","NAO","http://sispibic.uenf.br/Revista2014.pdf","Português","MEIO_DIGITAL","REVISTA_MAGAZINE","Brasil","Professor virtual animado para processo de ensino","","22102014","","http://sispibic.uenf.br/Revist","1","1","Revista PIBIC: Conhecendo a Ciência","","Revista de divulgação científica: de jovem para jovem.&#10;Edição 1, 2014.","","","","","","","","398","","",""
"http://www.ic.ufal.br/dac/author/lattes/6223538827801940","","","Informática na Educação Especial","Informática na Educação","CIENCIAS_EXATAS_E_DA_TERRA","Educação","Educação Especial","Tópicos Específicos de Educação","CIENCIAS_HUMANAS","","","","","","","","","","","","","","","","","","","","","","","","","","","","","Liliana Maria Passerino","PASSERINO, Liliana Maria","","1","2003","","NAO","NAO","","Português","IMPRESSO","REVISTA_MAGAZINE","Brasil","Ong RedEspecial Brasil","","05062003","","Porto Alegre","8","5","Revista PORTAL","10","","","ONG Redespecial-Brasi","inclusão digital","informática na educação especial","","","","215","Formação Permanente e Outras Atividades de Ensino, Inclusive Educação À Distância e Educação Especial","",""
"http://www.ic.ufal.br/dac/author/lattes/4948383420305269","","","Tecnologia Educacional","Ensino-Aprendizagem","CIENCIAS_HUMANAS","","","","","","","","","","","","","","","","","","","","","","","","","","","","","","","","","Alexandra Lorandi Macedo","MACEDO, Alexandra Lorandi","","1","2011","","NAO","NAO","","Português","IMPRESSO","REVISTA_MAGAZINE","Brasil","Entrevista concedida: É brincando que se aprende","","01102011","2179698","Paraíba","22","22","Administradores","","","","Habilidades para o trabalho","Jogos Digitais","","","","","215","","",""
"http://www.ic.ufal.br/dac/author/lattes/2578245512402601","","","","","","","","","","","","","","Amanda Balbinot","Amanda, B","","1","Milton Antonio Zaro","ZARO, M. A.;ZARO, MILTON A.;ZARO, MILTON ANTÔNIO;ZARO, MILTON ANTONIO;Zaro, Milton Antonio;Zaro, Milton A.","2578245512402601","2","","","","","","","","","","","","","","","","","","","","","2009","","NAO","NAO","","Português","IMPRESSO","REVISTA_MAGAZINE","Brasil","Aplicação de Jogos e Simuladores como Instrumentos para Educação e Segurança no Trânsito","","","","","10","1","Revista Novas Tecnologias da Educação","","","","","","","","","","9229","","",""
"http://www.ic.ufal.br/dac/author/lattes/7909976127880843","","","Sistemas de Informação","Metodologia e Técnicas da Computação","CIENCIAS_EXATAS_E_DA_TERRA","Ciência da Computação","Processamento Gráfico (Graphics)","Metodologia e Técnicas da Computação","CIENCIAS_EXATAS_E_DA_TERRA","","","","","Diego Tumelero","TUMELERO, Diego","","1","Vinícius Michelin","MICHELIN, Vinícius","","2","Jacques Duílio Brancher","BRANCHER, J. D.;BRANCHER, JACQUES DUÍLIO","7909976127880843","3","","","","","","","","","","","","","","","","","2004","","NAO","NAO","","Português","IMPRESSO","REVISTA_MAGAZINE","Brasil","Construção de Objetos Tridimensionais para Jogos de Computador com Blender","","10102004","","São Paulo","62","58","Revista Linux Magazine","3","","","Blender","Linux","Software Livre","","","","157","Desenvolvimento de Programas (Software)","",""
"http://www.ic.ufal.br/dac/author/lattes/2610619567290943","","","","","","","","","","","","","","Creto Augusto Vidal","VIDAL, C. A.","","1","Antonio Jose Melo Leite Junior","LEITE JUNIOR, ANTONIO JOSÉ MELO","","2","Camilo Camilo Almendra","ALMENDRA, Camilo Camilo","","3","Emanuele Marques dos Santos","SANTOS, Emanuele Marques dos","","4","João Carlos Costa Filho","COSTA FILHO, João Carlos","","5","Joaquim Pedro Oliveira","OLIVEIRA, Joaquim Pedro","","6","","","","","2001","","NAO","NAO","","Português","IMPRESSO","REVISTA_MAGAZINE","Brasil","Realidade Virtual: a nova fronteira do ensino a distância","","01052001","","","31","29","Revista de Ciência e Tecnologia - Pesquisas FUNCAP","","","","","","","","","","77","","",""
"http://www.ic.ufal.br/dac/author/lattes/2421173353026928","","","","","","","","","","","","","","Euler de Vilhena Garcia","GARCIA, E. V.;de Vilhena Garcia, Euler;Garcia, Euler de Vilhena;GARCIA, Euler V.","2421173353026928","1","Carlos Alberto Pastore","PASTORE, C. A.","5977248551792946","2","","","","","","","","","","","","","","","","","","","","","2006","","NAO","NAO","","Português","IMPRESSO","REVISTA_MAGAZINE","Brasil","A ELETROCARDIOLOGIA BRASILEIRA COM UMA NOVA FERRAMENTA DE DIAGNÓSTICO","","","","","","","Jornal da Sociedade Brasileira de Cardiologia","","","","","","","","","","35","","",""
"http://www.ic.ufal.br/dac/author/lattes/6720901459365216","","","","","","","","","","","","","","Aleciana Vasconcelos de Morais","MORAIS, A. V.","6720901459365216","2","Érica Vasconcelos de Morais","MORAIS, E. V.","","1","","","","","","","","","","","","","","","","","","","","","2007","","NAO","NAO","www.cassilandiajornal.com.br","Português","IMPRESSO","JORNAL_DE_NOTICIAS","Brasil","Digitalização 3D na preservação do patrimônio histórico e cultural","","12052007","220","Cassilândia","10","10","O Jornal","","","","Digitalização","História","Patrimônio","","","","85","","",""
"http://www.ic.ufal.br/dac/author/lattes/9722066254398087","","","","","","","","","","","","","","Janae Goncalves Martins","MARTINS, Janae G.","2747017560926709","1","Andrea Silva Miranda","MIRANDA, Andrea M.","","2","Fernando Jose Spanhol","SPANHOL, F. J.;SPANHOL, FERNANDO JOSÉ","9722066254398087","3","","","","","","","","","","","","","","","","","2006","","NAO","NAO","","Português","VARIOS","REVISTA_MAGAZINE","Brasil","Educação On-Line: um caminho para a inclusão social de pessoas com deficiência.","","01062006","97897280","São Paulo","36","34","Revista do Educador DIRECIONAL Escolas","","","","Prática de Ensino","Educação","Educação a Distância","","","","201","","",""
"http://www.ic.ufal.br/dac/author/lattes/2741856107159943","","","Programção Linear","Matemática Aplicada","CIENCIAS_EXATAS_E_DA_TERRA","","","","","","","","","","","","","","","","","","","","","","","","","","","","","","","","","Antônio Luiz de Oliveira Barreto","BARRETO, Antônio Luiz de Oliveira","2741856107159943","1","2002","","NAO","SIM","","Português","IMPRESSO","REVISTA_MAGAZINE","Brasil","Otimização em Processos Multidivisionais Aplicada à Indústria Têxtil","","02102002","","FORTALEZA-CE","70","54","FLF.EDU REVISTA CIENTÍFICA","1","Este artigo enfoca o desenvolvimento sistemático do método de decomposição Dantzig-Wolfe. Em seguida apresenta-se uma metodologia de otimização utilizando o mesmo algoritmo como ferramenta no processo decisório da empresa FINOBRASA - Fiação Nordeste do Brasil S.A., devido as caracteristicas de produção desta empresa se enquadrarem numa estrutura bloco-angular.","","Método Simplex Revisado, Decomposição Dantzig-Wolf","","","","","","1","Qualidade e Produtividade","",""
"http://www.ic.ufal.br/dac/author/lattes/8426182922343479","","","","SISTEMAS DE INFORMAÇÃO","CIENCIAS_EXATAS_E_DA_TERRA","","","","","","","","","","","","","","","","","","","","","","","","","","","","","","","","","Dário Lissandro Beutler","BEUTLER, Dário Lissandro","8426182922343479","1","2010","","NAO","NAO","","Português","IMPRESSO","JORNAL_DE_NOTICIAS","Brasil","As indústrias de tecidos e de confecções na economia digital","","14082010","","Erechim-RS","1","BD Revista","Jornal Bom Dia","","","","Tecnologias da Informação","indústria de confecção","CAD/CAM","","","","36","Indústrias de Transformação","Confecção de artigos do vestuário e acessórios",""
"http://www.ic.ufal.br/dac/author/lattes/5073911182921995","","","Informática na Educação","Metodologia e Técnicas da Computação","CIENCIAS_EXATAS_E_DA_TERRA","","","","","","","","","Rafael de Santiago","SANTIAGO, R.;Santiago, Rafael De","5073911182921995","1","André Luís Alice Raabe","Raabe, A. L. A.","3163271519013006","2","","","","","","","","","","","","","","","","","","","","","2009","","NAO","NAO","http://openeducationnews.org","Português","HIPERTEXTO","JORNAL_DE_NOTICIAS","Brasil","LOP2P: Architecture for Institutional Learning Objects Sharing","LOP2P: Architecture for Institutional Learning Objects Sharing","08122009","","","","","Open Education News","","","","Objetos de Aprendizagem","Informática na Educação","Sistemas Distribuídos","","","","70","","",""
"http://www.ic.ufal.br/dac/author/lattes/2367123232031409","","Ciência da Computação","Informática na Educação","Sistemas de Computação","CIENCIAS_EXATAS_E_DA_TERRA","","","","","","","","","","","","","","","","","","","","","","","","","","","","","","","","","Rafael Savi","SAVI, Rafael;Savi, Rafael","","1","2008","","NAO","NAO","","Português","IMPRESSO","JORNAL_DE_NOTICIAS","Brasil","Hipermídia na Disseminação do Conhecimento","","18062008","","Florianópolis","2","2","Diário Catarinense - DC Ensino","","","","hipermídia","","","","","","25","","",""
"http://www.ic.ufal.br/dac/author/lattes/0521741779583070","","","Arquitetura de Sistemas de Computação","Sistemas de Computação","CIENCIAS_EXATAS_E_DA_TERRA","","","","","","","","","","","","","","","","","","","","","","","","","","","","","","","","","Cecilia Dias Flores","FLORES, C. D.;FLORES, C;FLORES, CECILIA D.;Flores, Cecília D.;FLORES, CECILIA DIAS;FLORES, CECÍLIA DIAS;FLORES,CECFLIA DIAS;FLORES, CECFLIA DIAS","0521741779583070","1","1995","","NAO","NAO","","Português","IMPRESSO","JORNAL_DE_NOTICIAS","Brasil","Computador auxilia na indicação de remédios","","","","Porto Alegre","3","3","Zero Hora","","","","Sistema Especialista","","","","","","3","","",""
"http://www.ic.ufal.br/dac/author/lattes/0721743085009952","","","","","","","","","","","","","","Natércia de Anadrade Lopes Neta","Natércia de Andrade Lopes NETA","","2","Érica Acioli da Silva","SILVA, E. A.","0721743085009952","1","","","","","","","","","","","","","","","","","","","","","2014","","SIM","NAO","","Português","VARIOS","REVISTA_MAGAZINE","Brasil","Frações: Um estudo à luz da teoria antropológica do didático","","01052014","23171170","","","","Revista Eletrônica de Educação de Alagoas - REDUC","","","","","","","","","","30","","",""
"http://www.ic.ufal.br/dac/author/lattes/2666417186892055","","","","","","","","","","","","","","","","","","","","","","","","","","","","","","","","","","","","","","Fernanda Araujo Coutinho Campos","CAMPOS, F. A. C.;ARAUJO COUTINHO CAMPOS, FERNANDA","2666417186892055","1","2015","","SIM","NAO","http://www1.folha.uol.com.br/educacao/2015/08/1662979-ead-deixa-claro-desafio-para-o-pais-adotar-educacao-aberta-e-em-rede.shtml","Português","MEIO_DIGITAL","JORNAL_DE_NOTICIAS","Brasil","Educação a distância deixa claro desafio por ensino em rede","","02082015","14145723","São Paulo","","","Folha de São Paulo","","","","","","","","","","180","","",""
"http://www.ic.ufal.br/dac/author/lattes/5388114438088803","","","","","CIENCIAS_HUMANAS","","","","","","","","","Fernanda Batistela","BATISTELA, Fernanda","5388114438088803","1","Aline Nadal","NADAL, A.","","2","","","","","","","","","","","","","","","","","","","","","2015","","SIM","NAO","www.ceedo.com.br","Português","MEIO_DIGITAL","REVISTA_MAGAZINE","Brasil","Não me atrapalhe, mãe ? Eu estou aprendendo! Como os videogames estão preparando nossos filhos para o sucesso no século XXI ? e  como você pode ajudar!","","30062015","18094589","Cerro Grande-RS,","76","72","ÀGORA Revista Eletrônica","","","","","","","","","","137","","",""
"http://www.ic.ufal.br/dac/author/lattes/3722586963728305","","","","","","","","","","","","","","","","","","","","","","","","","","","","","","","","","","","","","","Renan Gonçalves Cattelan","CATTELAN, R. G.","","1","2005","","NAO","NAO","http://www.slackwarezine.com.br/download/slackzine10.pdf","Português","MEIO_DIGITAL","REVISTA_MAGAZINE","Brasil","Gravação de CDs em Quatro Passos","","31072005","","","12","12","Slackwarezine","","","","Linux","","","","","","87","","",""
"http://www.ic.ufal.br/dac/author/lattes/3256284655278061","","Ciência da Computação","Sistemas de Informação","Metodologia e Técnicas da Computação","CIENCIAS_EXATAS_E_DA_TERRA","Ciência da Computação","","","CIENCIAS_EXATAS_E_DA_TERRA","Educação","Ensino Profissionalizante","Tópicos Específicos de Educação","CIENCIAS_HUMANAS","","","","","","","","","","","","","","","","","","","","","","","","","José Demisio Simões da Silva","SILVA, J. D. S.;Silva, José Demísio S.;DASILVA, J;Silva, José Demisio Simões da","","1","2006","","NAO","NAO","www.prodemge.gov.br/revistafonte","Português","VARIOS","REVISTA_MAGAZINE","Brasil","Aplicações de ponta em tecnologia da informação&#10;&#10;Aplicações de ponta em tecnologia da informação","","30062006","18080715","Belo Horizonte, MG","60","56","FONTE","04","Revista FONTE - Tecnologia da Informação na Gestão Publica&#10;Ano 3 - Número 04 - Janeiro/Junho de 2006&#10;www.prodemge.gov.br/revistafonte&#10;","","Tecnologia da informação","Aplicações de ponta","ciência da computação","","","","186","Administração Pública, Defesa e Seguridade Social","Outras Atividades de Assessoria e Consultoria Às Empresas","Consultoria em Sistemas de Informática"
"http://www.ic.ufal.br/dac/author/lattes/1838086786793758","","","","","","","","","","","","","","Marcelo Augusto Santos Turine","TURINE, M. A. S.","","1","Camilo Carromeu","CARROMEU, C.","","2","Márcio Aparecido Ignácio da Silva","SILVA, M. A. I.","","3","Maria Istela Cagnin","CAGNIN, M. I.;CAGNIN, MARIA ISTELA","1838086786793758","4","","","","","","","","","","","","","2011","","NAO","NAO","http://www.comciencia.br/comciencia/?section=8&edicao=67&id=851","Português","HIPERTEXTO","REVISTA_MAGAZINE","Brasil","Gestão pública flexível e ágil por meio do SIGFap","","13062011","","","","","Revista eletrônica de jornalismo científico ComCiência","","","","","","","","","","395","","",""
"http://www.ic.ufal.br/dac/author/lattes/3770740577508464","","","","","","","","","","","","","","Marta Talitha Amorim","AMORIM, M. T. C. F.","","1","Davidson Cury","CURY, D.","","2","Crediné Silva de Menezes","MENEZES, C. S.","","3","","","","","","","","","","","","","","","","","2014","","NAO","NAO","http://dx.doi.org/10.5753/rbie.2014.22.03.1","Português","NAO_INFORMADO","REVISTA_MAGAZINE","Brasil","Revista Brasileira de Informática na Educação","","30112014","14145685","","12","1","Sobre a aplicação de ontologias para orientar agentes a responder perguntas","","","","","","","","","","8","","",""
"http://www.ic.ufal.br/dac/author/lattes/5341661967831985","","Administração","","","CIENCIAS_SOCIAIS_APLICADAS","Ciência da Informação","","","CIENCIAS_SOCIAIS_APLICADAS","","","","","Leo Marcelo Buri","BURI, L. M.","","2","Ernani Gottardo","GOTTARDO, E.;GOTTARDO, ERNANI","","1","","","","","","","","","","","","","","","","","","","","","2002","","NAO","SIM","","Português","IMPRESSO","REVISTA_MAGAZINE","Brasil","BALANCED SCORECARD: Aspectos Conceituais de um Modelo de Gestão","","01072002","14157136","Ijuí-RS","39","33","Contabilidade e Informação","","","","Balanced Scorecard","Sistemas de Gestão","ERP","","","","3","","",""
"http://www.ic.ufal.br/dac/author/lattes/4948383420305269","","","Tecnologia Educacional","Ensino-Aprendizagem","CIENCIAS_HUMANAS","","","","","","","","","","","","","","","","","","","","","","","","","","","","","","","","","Alexandra Lorandi Macedo","MACEDO, Alexandra Lorandi","","1","2011","","NAO","NAO","","Português","IMPRESSO","REVISTA_MAGAZINE","Brasil","Entrevista concedida: É brincando que se aprende","","01102011","2179698","Paraíba","22","22","Administradores","","","","Habilidades para o trabalho","Jogos Digitais","","","","","215","","",""
"http://www.ic.ufal.br/dac/author/lattes/1986734636970397","","","","","CIENCIAS_HUMANAS","","","","","","","","","","","","","","","","","","","","","","","","","","","","","","","","","Ilan CHAMOVITZ","CHAMOVITZ, I.;CHAMOVITZ, ILAN","1986734636970397","1","2014","","SIM","NAO","http://www.slideshare.net/slideshow/embed_code/30730491","Português","MEIO_DIGITAL","REVISTA_MAGAZINE","Brasil","Fundamentos de Inteligência: Informação e ações por tutores em EaD","","01012014","","Brasilia, DF.","17","13","Revista Inteligência em Foco","","A Revista Inteligência em Foco busca disseminar conceitos e técnicas de Inteligência de forma mais ampla, visando atingir públicos distintos.&#10;&#10;Escrevi um artigo (página 13) sobre a aplicação de alguns conceitos em EaD. O início da introdução está aqui, logo abaixo. O artigo foi produzido com o apoio do Datasus e Coordenação de Desenvolvimento de Pessoas, Ministério da Saúde, Brasil e faz parte de minha pesquisa.","","inteligência","EAD","Tutores","Tutor","","","125","Educação","Atividades dos serviços de tecnologia da informação",""
"http://www.ic.ufal.br/dac/author/lattes/0084300900034108","","","","","","","","","","","","","","Clauirton Siebra","Clauirton Siebra","7707799028683443","1","N. Lino","Lino, N.","0868185106331626","2","Andre Luís de Medeiros Santos","SANTOS, A","","3","F. Q. B. SILVA","SILVA, F. Q. B.","6381755382123529","4","","","","","","","","","","","","","2010","","NAO","NAO","","Inglês","IMPRESSO","REVISTA_MAGAZINE","Alemanha","Advanced Issues on Test Management for Limited Platforms","","","","Berlim","41","38","Testing Experience","","","","","","","","","","197","","",""
"http://www.ic.ufal.br/dac/author/lattes/4038730280834132","","","","","","","","","","","","","","Itana Maria Gimenes","GIMENES, I. M.","","1","Ig Ibert Bittencourt Santana Pinto","BITTENCOURT, IG, I.","","2","","","","","","","","","","","","","","","","","","","","","2013","","NAO","NAO","www.sbc.org.br","Português","MEIO_DIGITAL","REVISTA_MAGAZINE","Brasil","DesafiE! II Workshop de desafios da computação aplicado a educação","","01082013","15198219","","40","36","Revista Computação Brasil","","","","","","","","","","508","","",""
"http://www.ic.ufal.br/dac/author/lattes/2286184940275369","","Ciência da Computação","","Informatica na Educacao","CIENCIAS_EXATAS_E_DA_TERRA","Ciência da Computação","Software Básico","Sistemas de Computação","CIENCIAS_EXATAS_E_DA_TERRA","","","","","","","","","","","","","","","","","","","","","","","","","","","","","Claudia Amado Gama","GAMA, C. A.","","1","2003","","NAO","NAO","","Português","IMPRESSO","JORNAL_DE_NOTICIAS","Brasil","Software Livre","","01122003","","Salvador","02","02","Jornal Laboratorio","17","Ano VI - No. 17  FACOM - UFBA","","software livre","","","","","","43","","",""
"http://www.ic.ufal.br/dac/author/lattes/3799501798859187","","","","","","","","","","","","","","Virgínia Carvalho Chalegre","CHALEGRE, V. C.","","1","Denis Silva da Silveira","SILVEIRA, D. S.","","2","","","","","","","","","","","","","","","","","","","","","2011","","NAO","NAO","http://www.es.sogeti.com/PageFiles/171/QAnews_IV.mht","Inglês","MEIO_DIGITAL","REVISTA_MAGAZINE","Espanha","Accessibility Testing Methodology","","01042011","","Espanha","7","1","QA:news Testing y Calidad del Software en España","","","","Accessibility","Testing Methodology","Information Technology","","","","269","","",""
"http://www.ic.ufal.br/dac/author/lattes/2372991935204909","","","","Educação a Distância","CIENCIAS_HUMANAS","","","","","","","","","Flavia Lumi Matuzawa","MATUZAWA, F. L.","2372991935204909","1","Carolina Paz","PAZ, Carolina","","2","Marialice de Moraes","MORAES, Marialice de","","3","Patricia Jantsch Fiuza","FIUZA, Patricia Jantsch","","4","","","","","","","","","","","","","2003","","NAO","NAO","http://www.irrodl.org/content/v4.1/index.html","Inglês","MEIO_DIGITAL","REVISTA_MAGAZINE","Canadá","Supporting Distance Students Using the Internet: A Brazilian Experience","","","","","","","International Review of Research in Open and Distance Learning (IRRODL)","","Artigo aceito para a revista online e publicado como ""Research Notes"".","","Internet","Sistema de acompanhamento","Educação a Distância","","","","27","Educação Superior","",""
"http://www.ic.ufal.br/dac/author/lattes/2594448736430896","","","Estruturas de Materiais Compósitos Avançados","Estruturas","ENGENHARIAS","","","","","","","","","João de Alencar","ALENCAR, João de","","1","Henriette Lebre La Rovere","ROVERE, Henriette Lebre La;La Rovere, H.L.;LaRovere, H.L.;La Rovere, Henriette L.;LAROVERE, HENRIETTE L.;Rovere, H. L. La","2594448736430896","2","Almir Barros da Silva Santos Neto","SANTOS NETO, Almir Barros da Silva","5418069223727965","3","","","","","","","","","","","","","","","","","2004","","NAO","NAO","","Português","IMPRESSO","REVISTA_MAGAZINE","Brasil","Aplicação de Materiais Compósitos Avançados na Construção de Pontes e Passarelas","","09112004","","São Paulo","32","32","Revista Plástico Reforçado Composites - Edição Especial","40","","","materiais compósitos avançados","Pontes","passarelas","","","","181","Construção Civil","Desenvolvimento de Novos Materiais",""
"http://www.ic.ufal.br/dac/author/lattes/9818222501822316","","","","","CIENCIAS_EXATAS_E_DA_TERRA","","","","","","","","","Camila Areias de Oliveira","OLIVEIRA, C. A.;DE OLIVEIRA, CAMILA AREIAS","9818222501822316","1","Renata Calado","CALADO, R.","","2","Leanderson Marcos da Silva Paiva","PAIVA, L. M. S.","","3","","","","","","","","","","","","","","","","","2005","","NAO","NAO","http://www.sbmet.org.br/portal2010/publisher/uploads/publicacoes/9_2005___Volume_29_No_2.pdf","Português","IMPRESSO","REVISTA_MAGAZINE","Brasil","O Tempo Não Pára: O Curso Técnico deMeteorologia do CEFET/RJ em Quase Meio Século de História.","","01072005","1676014","Rio de Janeiro","95","92","Boletim da Sociedade Brasileira de Meteorologia","","","","CEFET/RJ","Meteorologia","","","","","5","","",""
"http://www.ic.ufal.br/dac/author/lattes/7368517479606058","","Engenharia Elétrica","Controle de Processos Eletrônicos, Retroalimentação","Eletrônica Industrial, Sistemas e Controles Eletrônicos","ENGENHARIAS","Engenharia Mecânica","Robotização","Processos de Fabricação","ENGENHARIAS","Ciência da Computação","Software Básico","Sistemas de Computação","CIENCIAS_EXATAS_E_DA_TERRA","","","","","","","","","","","","","","","","","","","","","","","","","Marcel Bergerman","BERGERMAN, M.","","1","1999","","","NAO","","Português","IMPRESSO","REVISTA_MAGAZINE","Brasil","4a Copa do Mundo de Futebol de Robôs","","01061999","","Campinas","26","26","ReVista - Revista Semestral do Colégio Notre Dame de Campinas","2","","","","","","","","","50","","",""
"http://www.ic.ufal.br/dac/author/lattes/5769696618237368","","","","Educação e tecnologias digitais","CIENCIAS_HUMANAS","","","","","","","","","","","","","","","","","","","","","","","","","","","","","","","","","Eliana Maria do Sacramento Soares","SOARES, Eliana Maria do Sacramento;SOARES, ELIANA MARIA DO SACRAMENTO;DO SACRAMENTO SOARES, ELIANA MARIA","5769696618237368","1","2009","","NAO","NAO","","Português","IMPRESSO","JORNAL_DE_NOTICIAS","Brasil","Considerações sobre Educação e tecnologia","Considerações sobre Educação e tecnologia","31082009","","Universidade de Caxias do Sul","","","Jornal do Centro de Filosofia e Educação da UCS","","","","Educação e tecnologia de comunicação e informação","Processo educativo","","","","","179","Educação","",""
"http://www.ic.ufal.br/dac/author/lattes/4984043849101331","","","","","","","","","","","","","","Diana Francisca Adamatti","ADAMATTI, D. F.","","1","Graçaliz Pereira Dimuro","DIMURO, G. P.","9414212573217453","2","Simone Costa","COSTA, S.","","3","","","","","","","","","","","","","","","","","2009","","NAO","NAO","","Português","MEIO_DIGITAL","REVISTA_MAGAZINE","Brasil","Latin American Women in Computing (LAWC 2009)","","01112009","","Porto AlegreRS","15","14","Horizontes SBC","","","","","","","","","","223","","",""
"http://www.ic.ufal.br/dac/author/lattes/1015882558876646","","","Processamento Gráfico (Graphics)","Metodologia e Técnicas da Computação","CIENCIAS_EXATAS_E_DA_TERRA","Ciência da Computação","Teleinformática","Sistemas de Computação","CIENCIAS_EXATAS_E_DA_TERRA","","","","","","","","","","","","","","","","","","","","","","","","","","","","","Edgar Marçal de Barros Filho","Marçal, E.;Barros Filho, E. M.;MARÇAL, EDGAR","1015882558876646","1","2005","","NAO","NAO","http://www.devmedia.com.br/webmobile/","Português","IMPRESSO","REVISTA_MAGAZINE","Brasil","Uma Introdução ao Mobile Java 3D","","","","","","","WebMobile","","","","Computação Gráfica","Computação Móvel","","","","","8","Desenvolvimento de Programas (Software)","",""
"http://www.ic.ufal.br/dac/author/lattes/2091731281771940","","","Sistemas de Informação","Metodologia e Técnicas da Computação","CIENCIAS_EXATAS_E_DA_TERRA","Administração","Tecnologia de Informação","Administração de Empresas","CIENCIAS_SOCIAIS_APLICADAS","","","","","André Montoia Barata","BARATA, A. M.","","1","Edmir Parada Vasques Prado","PRADO, E. P. V.","","2","","","","","","","","","","","","","","","","","","","","","2015","","NAO","NAO","","Português","MEIO_DIGITAL","REVISTA_MAGAZINE","Brasil","Benefícios obtidos por organizações brasileiras em projetos de governança","","30112015","","","","47","Revista Brasileira de Gerenciamento de Projetos","15","","","Governança de Dados","Gestão de Projetos","","","","","452","","",""
"http://www.ic.ufal.br/dac/author/lattes/5503461601783322","","","","","CIENCIAS_EXATAS_E_DA_TERRA","","","","","","","","","","","","","","","","","","","","","","","","","","","","","","","","","Carlos Roberto da Silveira Júnior","SILVEIRA JÚNIOR, C. R.","5503461601783322","1","2013","","SIM","NAO","www.opopular.com.br","Português","NAO_INFORMADO","JORNAL_DE_NOTICIAS","Brasil","Novas tecnologias usa celular para medir indicadores","","27122013","","Goiás/Tocantins","","7","O popular, Suplemento do Campo","","","","Piscicultura","Arduino","Telemetria","","","","110","Agricultura, Pecuária e Serviços Relacionados","",""
"http://www.ic.ufal.br/dac/author/lattes/1266776122113447","","","","Metodologia e Técnicas da Computação","CIENCIAS_EXATAS_E_DA_TERRA","","","","","","","","","Jaqueline Brigladori Pugliesi","PUGLIESI, Jaqueline Brigladori","1266776122113447","1","Solange Oliveira Rezende","REZENDE, Solange Oliveira","8526960535874806","2","","","","","","","","","","","","","","","","","","","","","1997","","NAO","NAO","","Português","IMPRESSO","JORNAL_DE_NOTICIAS","Brasil","Infinite Disk Abre mais Espaço no Disco","","09071997","","São Paulo","","","Folha Informática da Folha de São Paulo","","","","","","","","","","5","Informática","",""
"http://www.ic.ufal.br/dac/author/lattes/9499398320838094","","","Informática na Educação","Metodologia e Técnicas da Computação","CIENCIAS_EXATAS_E_DA_TERRA","Ciência da Computação","Processamento Gráfico (Graphics)","Metodologia e Técnicas da Computação","CIENCIAS_EXATAS_E_DA_TERRA","","","","","Creto Augusto Vidal","VIDAL, C. A.;Vidal, Creto;Vidal, Creto A.;VIDAL, CRETO AUGUSTO;AUGUSTO VIDAL, CRETO","9499398320838094","1","Antônio José Melo Leite Junior","Leite Junior, Antônio José Melo","2610619567290943","2","Camilo Camilo Almendra","Almendra, Camilo Camilo","6500137525335410","3","Emanuele Marques dos Santos","Santos, Emanuele Marques dos","3334643879272311","4","João Carlos da Silveira Costa Filho","Costa Filho, João Carlos da Silveira","","5","Joaquim Pedro C. Oliveira","Oliveira, Joaquim Pedro C.","7381054192994709","6","","","","","2001","","NAO","NAO","","Português","IMPRESSO","REVISTA_MAGAZINE","Brasil","Realidade Virtual: a nova fronteira do ensino a distância","","01052001","","Fortaleza-Ceará","31","29","Revista de Ciência e Tecnologia - Pesquisas FUNCAP","3/1","Este é um artigo em uma revista de divulgação das pesquisas financiadas pela Fundação Cearense de Amparo à Pesquisa (FUNCAP). O artigo refere-se aos resultados do projeto ""Um Ambiente Virtual Cooperativo Multiusuário Voltado para a Aprendizagem"".","","Educação a Distância","Realidade Virtual","","","","","88","Formação Permanente e Outras Atividades de Ensino, Inclusive Educação À Distância e Educação Especial","",""
"http://www.ic.ufal.br/dac/author/lattes/2745711600595093","","","Planejamento e Organização do Sistema de Transporte","Planejamento de Transportes","ENGENHARIAS","","","","","","","","","Francisco Villa Ulhôa Botelho","BOTELHO, F. V. U.","2745711600595093","1","Matsuo Shimoishi","SHIMOISHI, M.","","2","","","","","","","","","","","","","","","","","","","","","1995","","NAO","NAO","","Português","IMPRESSO","JORNAL_DE_NOTICIAS","Brasil","Uma nova perspectiva para o transporte em Brasília","","02011995","","Brasília","","","Correio Brasiliense","","","","Transporte urbano","Planejamento de transporte","","","","","9","Planejamento e Gestão das Cidades, Inclusive Política e Planejamento Habitacional","",""
"http://www.ic.ufal.br/dac/author/lattes/8953646779705648","","","","","","","","","","","","","","","","","","","","","","","","","","","","","","","","","","","","","","Fernando da Costa Barbosa","BARBOSA, F. C.","","1","1995","","NAO","NAO","","Português","IMPRESSO","JORNAL_DE_NOTICIAS","Brasil","Sou menor de rua..","","28101995","","Uberlândia","","","Jornal Correio","","","","","","","","","","80","","",""
"http://www.ic.ufal.br/dac/author/lattes/1220553574304474","","","Engenharia de Software","Metodologia e Técnicas da Computação","CIENCIAS_EXATAS_E_DA_TERRA","Ciência da Computação","Hardware","Sistemas de Computação","CIENCIAS_EXATAS_E_DA_TERRA","Ciência da Computação","Modelos Analíticos e de Simulação","Matemática da Computação","CIENCIAS_EXATAS_E_DA_TERRA","Jones Oliveira de Albuquerque","ALBUQUERQUE, JONES","","1","Claudionor Coelho Jr","COELHO JR, C.","","2","","","","","","","","","","","","","","","","","","","","","2000","","NAO","NAO","","Português","IMPRESSO","JORNAL_DE_NOTICIAS","Brasil","Projeto de Sistemas","","13032000","","Belo Horizonte","2","2","Hoje em Dia","","","","Gerência de Processo","System Partitioning","","","","","9","Industria Eletro-Eletrônica","Informática",""
"http://www.ic.ufal.br/dac/author/lattes/6318743597320752","","","","","","","","","","","","","","","","","","","","","","","","","","","","","","","","","","","","","","Mônica dos Santos Mandaji","MANDAJI, M.","","1","2003","","NAO","SIM","","Português","IMPRESSO","REVISTA_MAGAZINE","Brasil","Internet super rápida","","05092003","","Geek","22","16","Internet2 - Rede super rápida já é realidade. E chegou no brasil","n 42","","","Internet 2; rede super rápida","","","","","","12","","",""
"http://www.ic.ufal.br/dac/author/lattes/8836517627933077","","","","","","","","","","","","","","Carla Maria Medeiros y Araujo","Carla Medeiros y Araujo","","1","RENATA PAES","PAES, R.","","2","","","","","","","","","","","","","","","","","","","","","2009","","NAO","NAO","","Português","NAO_INFORMADO","REVISTA_MAGAZINE","Brasil","Além dos túbulos de Malpighi","","11112009","01018515","Rio de Janeiro","67","66","Ciência Hoje","","","","","","","","","","132","","",""
"http://www.ic.ufal.br/dac/author/lattes/0774464575739440","","","","","CIENCIAS_EXATAS_E_DA_TERRA","Ciência da Computação","","SISTEMA DE COMPUTAÇÃO","CIENCIAS_EXATAS_E_DA_TERRA","","","","","","","","","","","","","","","","","","","","","","","","","","","","","Claudia Lage Rebello da Motta","MOTTA, C.L.R.","","1","1999","","NAO","NAO","","Português","IMPRESSO","JORNAL_DE_NOTICIAS","Brasil","Software facilita troca de dados a distância","","17072000","","Rio de Janeiro","A-26","A-26","Jornal do Comércio do Rio de Janeiro","","Reportagem escrita por Simone Gugliotta","","cscw","","","","","","13071","Desenvolvimento de Programas (Software)","",""
"http://www.ic.ufal.br/dac/author/lattes/2203704515345173","","","Divulgação de Pesquisa","Informática na Educação","CIENCIAS_EXATAS_E_DA_TERRA","","","","","","","","","Claudia Brandelero Rizzi","RIZZI, Claudia Brandelero","2203704515345173","1","Antônio Carlos da Rocha Costa","COSTA, Antônio Carlos da Rocha","5601943285331545","2","Sérgio Roberto Kieling Franco","FRANCO, Sérgio Roberto Kieling","6389325869865024","3","Jorge Bidarra","BIDARRA, Jorge","4214786666641182","4","Cristina Yassue Morimoto","MORIMOTO, Cristina Yassue","","5","","","","","","","","","2006","","NAO","SIM","","Português","VARIOS","REVISTA_MAGAZINE","Brasil","Um conjunto de requisitos para modelagem e acompanhamento de trabalhos síncronos e/ou assíncronos realizados por equipes: uma abordagem apoiada na Epistemologia Genética","","01072006","16791916","Porto Alegre","10","1","RENOTE - Revista Novas Tecnologias na Educação","4","","","Trabalho cooperativo","Epistemologia Genética","","","","","143","Formação Permanente e Outras Atividades de Ensino, Inclusive Educação À Distância e Educação Especial","",""
"http://www.ic.ufal.br/dac/author/lattes/3549648389944031","","","","","","","","","","","","","","Maria das Graças Volpe Nunes","NUNES, M. G. V.;Graças Volpe Nunes, Maria;Nunes, Maria Das Graças Volpe;Nunes, M.G.V.;Nunes, Maria G.V.;Maria das Graças Volpe Nunes;Nunes, Maria das Graças Volpe","3549648389944031","1","Osvaldo N Oliveira Jr","OLIVEIRA JR, Osvaldo N","8582867831317500","2","Maria Cristina F Oliveira","OLIVEIRA, Maria Cristina F","","3","","","","","","","","","","","","","","","","","1998","","NAO","NAO","http://www.smf.mx/boletin/Jul-98/articles/speak.html","Espanhol","HIPERTEXTO","REVISTA_MAGAZINE","México","Por qué aún no podemos hablar con una computadora. Boletín de la Sociedad Mexicana de Física. Vol. 12 Nro.3, Julio-Septiembre.","","06091998","","Cidade do México","9","1","Boletín de la Sociedad Mexicana de Física.","12","","","","","","","","","493","","",""
"http://www.ic.ufal.br/dac/author/lattes/3748260693106586","","","","","","","","","","","","","","","","","","","","","","","","","","","","","","","","","","","","","","Marcos Sfair Sunye","SUNYE, Marcos Sfair;Sunye, Marcos S.","3748260693106586","1","2006","","NAO","NAO","http://www.pr.gov.br/batebyte/edicoes/2006/bb149/entrevista.shtml","Português","IMPRESSO","REVISTA_MAGAZINE","Brasil","Tecnologia sem barreiras","","01052006","","curitiba","9","4","Revista Bate Byte","","","","software Livre","Sistemas Tutoriais de Ensino","POSTGRESQL","","","","52","","",""
"http://www.ic.ufal.br/dac/author/lattes/2482014486805534","","","","","CIENCIAS_HUMANAS","","","","","","","","","João Coelho Neto","COELHO NETO, João","","1","Anair Altoé","ALTOE, A.","3089523318618883","2","","","","","","","","","","","","","","","","","","","","","2009","","NAO","NAO","http://www.histedbr.fae.unicamp.br/revista/edicoes/35/index.html","Português","MEIO_DIGITAL","REVISTA_MAGAZINE","Brasil","EDUCAÇÃO E INFORMÁTICA: UM ESTUDO SOBRE O USO DE AMBIENTES INFORMATIZADOS COM ALUNOS DO CURSO DE PEDAGOGIA DA UNIVERSIDADE ESTADUAL DO NORTE DO PARANÁ ? CAMPUS DE CORNÉLIO PROCÓPIO","","01092009","16762584","Campinas","1","1","Revista HISTEDBR On-line","9","Publicado na Revista HISTEDBR On-Line - v. 9, n. 35 (2009): Revista HISTEDBR - setembro/2009 - Resumo - ISSN: 1676-2584.","","Formação de Professores","Internet","Educação Básica","Processo Ensino e Apredizagem","","","117","Educação","",""
"http://www.ic.ufal.br/dac/author/lattes/3477003700131295","","","","","","","","","","","","","","","","","","","","","","","","","","","","","","","","","","","","","","Eduardo Felipe Zambom Santana","SANTANA, E. F. Z.","3477003700131295","1","2012","","NAO","NAO","http://www.devmedia.com.br/rmi-primeiros-passos-revista-easy-java-magazine-17/24135","Português","MEIO_DIGITAL","REVISTA_MAGAZINE","Brasil","RMI: Primeiros passos","","","","","","","Easy Java Magazine","","","","","","","","","","26","","",""
"http://www.ic.ufal.br/dac/author/lattes/7909976127880843","","","Sistemas de Informação","Metodologia e Técnicas da Computação","CIENCIAS_EXATAS_E_DA_TERRA","Ciência da Computação","Processamento Gráfico (Graphics)","Metodologia e Técnicas da Computação","CIENCIAS_EXATAS_E_DA_TERRA","","","","","Diego Tumelero","TUMELERO, Diego","","1","Vinícius Michelin","MICHELIN, Vinícius","","2","Jacques Duílio Brancher","BRANCHER, J. D.;BRANCHER, JACQUES DUÍLIO","7909976127880843","3","","","","","","","","","","","","","","","","","2004","","NAO","NAO","","Português","IMPRESSO","REVISTA_MAGAZINE","Brasil","Construção de Objetos Tridimensionais para Jogos de Computador com Blender","","10102004","","São Paulo","62","58","Revista Linux Magazine","3","","","Blender","Linux","Software Livre","","","","157","Desenvolvimento de Programas (Software)","",""
"http://www.ic.ufal.br/dac/author/lattes/3090969413342098","","","","Telecomunicações","ENGENHARIAS","Ciência da Computação","","Metodologia e Técnicas da Computação","CIENCIAS_EXATAS_E_DA_TERRA","","","","","","","","","","","","","","","","","","","","","","","","","","","","","Arthur Tórgo Gómez","GÓMEZ, A. T.","","1","2008","","NAO","NAO","","Português","IMPRESSO","REVISTA_MAGAZINE","Brasil","Inovação - No seleto time da TV Digital","","01102008","","São Leopoldo","21","20","Revista Magis","","","","Tv Digital","Codec","Camada de transporte","","","","487","Fabricação de Material Eletrônico e de Aparelhos e Equipamentos de Comunicações","",""
"http://www.ic.ufal.br/dac/author/lattes/5295520104954784","","","","","","","","","","","","","","","","","","","","","","","","","","","","","","","","","","","","","","Carlos Ariel Samudio Pérez","SAMUDIO PÉREZ, C. A.;PÉREZ, C.A.S.;Pérez, C. A. Samudio;Samudio Pérez, C. A.;PÉREZ, C. A. S.;SAMUDIO PÉREZ, C.A.;PÉREZ, CARLOS A.S.;SAMUDIO, C.A.P.;Samudio, Carlos Ariel;SAMUDIO PÉREZ, CARLOS ARIEL","5295520104954784","1","2003","","NAO","NAO","","Português","IMPRESSO","JORNAL_DE_NOTICIAS","Brasil","A evolução dos ímãs","","24112003","","Passo Fundo","10","10","O Nacional","","","","","","","","","","71","","",""
"http://www.ic.ufal.br/dac/author/lattes/2482014486805534","","","","","CIENCIAS_HUMANAS","","","","","","","","","João Coelho Neto","COELHO NETO, João","","1","Anair Altoé","ALTOE, A.","3089523318618883","2","","","","","","","","","","","","","","","","","","","","","2009","","NAO","NAO","http://www.histedbr.fae.unicamp.br/revista/edicoes/35/index.html","Português","MEIO_DIGITAL","REVISTA_MAGAZINE","Brasil","EDUCAÇÃO E INFORMÁTICA: UM ESTUDO SOBRE O USO DE AMBIENTES INFORMATIZADOS COM ALUNOS DO CURSO DE PEDAGOGIA DA UNIVERSIDADE ESTADUAL DO NORTE DO PARANÁ ? CAMPUS DE CORNÉLIO PROCÓPIO","","01092009","16762584","Campinas","1","1","Revista HISTEDBR On-line","9","Publicado na Revista HISTEDBR On-Line - v. 9, n. 35 (2009): Revista HISTEDBR - setembro/2009 - Resumo - ISSN: 1676-2584.","","Formação de Professores","Internet","Educação Básica","Processo Ensino e Apredizagem","","","117","Educação","",""
"http://www.ic.ufal.br/dac/author/lattes/4633694457560431","","","Gerência do Projeto e do Produto","Engenharia do Produto","ENGENHARIAS","Engenharia de Produção","Desenvolvimento de Produto","Engenharia do Produto","ENGENHARIAS","","","","","Júlio C V Ferreira","FERREIRA, J. C. V.","","1","Ricardo Manfredi Naveiro","NAVEIRO, R. M.;Naveiro, Ricardo Manfredi;NAVEIRO, RICARDO M.","4633694457560431","2","","","","","","","","","","","","","","","","","","","","","2001","","NAO","NAO","","Português","IMPRESSO","REVISTA_MAGAZINE","Brasil","O uso do projeto orientado à montagem e à manufatura no desenvolvimento de produtos","","01102001","00252700","Rio de Janeiro","83","72","Revista Máquinas e Metais","429","","","gerência do projeto de produto","","","","","","91","","",""
"http://www.ic.ufal.br/dac/author/lattes/1315509984364413","","","","Sistemas de Computação","CIENCIAS_EXATAS_E_DA_TERRA","Matemática","","Geometria e Topologia","CIENCIAS_EXATAS_E_DA_TERRA","","","","","","","","","","","","","","","","","","","","","","","","","","","","","Jacques Nelson Corleta Schreiber","SCHREIBER, J. N. C.","1315509984364413","1","1999","","NAO","NAO","","Português","IMPRESSO","REVISTA_MAGAZINE","Brasil","O Bug do Milênio","","01091999","","Santa Cruz do Sul","21","20","Agora","","","","Ciência da Computação","","","","","","13","","",""
"http://www.ic.ufal.br/dac/author/lattes/7219178586824787","","","","","","","","","","","","","","","","","","","","","","","","","","","","","","","","","","","","","","Ana Angélica Mathias Macêdo","MACEDO, A. A. M.","","1","2013","","NAO","NAO","http://conexoes.ifce.edu.br/index.php/conexoes/article/view/615/374","Português","VARIOS","REVISTA_MAGAZINE","Brasil","Editorial","","01062013","21760144","Fortaleza- Ceará","1","1","Editorial","","ISSN Impresso: 1982-176X; ISSN Eletrônico: 2176-0144&#10;&#10;Conex. Ci. e Tecnol. Fortaleza/CE v. 7 n. 2 p. 1-74 jun. 2013","","","","","","","","284","","",""
"http://www.ic.ufal.br/dac/author/lattes/1957526921210046","","","Computação para Deficientes","Sistemas de Computação","CIENCIAS_EXATAS_E_DA_TERRA","","","","","","","","","","","","","","","","","","","","","","","","","","","","","","","","","José Antonio dos Santos Borges","BORGES, J. A. S.","","1","1988","","NAO","NAO","http://www.rehab-international.org/publications/10_19F.htm","Francês","IMPRESSO","REVISTA_MAGAZINE","Brasil","Le Projet DOSVOX - Comment changer la vie de milliers d'aveugles brésiliens","","01071988","","UNESCO (mundial)","11","8","One in Ten - Rehabilitation International - Disabled Magazine","","","","Computação para Deficientes","Desenvolvimento social dos deficientes","","","","","33","","",""
"http://www.ic.ufal.br/dac/author/lattes/0613747031153951","","","","","","","","","","","","","","Carlos Montez","Montez, C.","","2","Jomar Alberto Andreata","ANDREATA, J. A.","","1","","","","","","","","","","","","","","","","","","","","","2007","","NAO","NAO","http://editora.metodista.br/revista_com_48.htm#sumario","Português","IMPRESSO","REVISTA_MAGAZINE","Brasil","Ensino a distância no ambiente da televisão digital interativa","","01092007","01012657","São Paulo","","","Comunicação & Sociedade - Nº 48","","","","","","","","","","4","","",""
"http://www.ic.ufal.br/dac/author/lattes/0931488279366439","","Ciência da Computação","","","CIENCIAS_EXATAS_E_DA_TERRA","Educação Física","","","CIENCIAS_DA_SAUDE","","","","","Alexandre Cruz Berg","BERG, A. C.","","2","Jader Denicol do Amaral","AMARAL, J. D.","","3","Martin Streibel","STREIBEL, M.","","1","","","","","","","","","","","","","","","","","1999","","","NAO","http://www.inf.ufsc.br/sbc-ie/revista/nr4/062RS-berg.htm","Português","VARIOS","REVISTA_MAGAZINE","Brasil","A INFORMÁTICA E SUAS APLICAÇÕES EM EDUCAÇÃO FÍSICA","","04041999","14145685","","","","Revista Brasileira de Informática na Educação","","Resenha remetida com base em estudos realizados através de linha de pesquisa.","","Multimidia","Educação a Distância","","","","","1","","",""
"http://www.ic.ufal.br/dac/author/lattes/5388114438088803","","","","","CIENCIAS_HUMANAS","","","","","","","","","Fernanda Batistela","BATISTELA, Fernanda","5388114438088803","1","Aline Nadal","NADAL, A.","","2","","","","","","","","","","","","","","","","","","","","","2015","","SIM","NAO","www.ceedo.com.br","Português","MEIO_DIGITAL","REVISTA_MAGAZINE","Brasil","Não me atrapalhe, mãe ? Eu estou aprendendo! Como os videogames estão preparando nossos filhos para o sucesso no século XXI ? e  como você pode ajudar!","","30062015","18094589","Cerro Grande-RS,","76","72","ÀGORA Revista Eletrônica","","","","","","","","","","137","","",""
"http://www.ic.ufal.br/dac/author/lattes/4038730280834132","","","","","","","","","","","","","","Itana Maria Gimenes","GIMENES, I. M.","","1","Ig Ibert Bittencourt Santana Pinto","BITTENCOURT, IG, I.","","2","","","","","","","","","","","","","","","","","","","","","2013","","NAO","NAO","www.sbc.org.br","Português","MEIO_DIGITAL","REVISTA_MAGAZINE","Brasil","DesafiE! II Workshop de desafios da computação aplicado a educação","","01082013","15198219","","40","36","Revista Computação Brasil","","","","","","","","","","508","","",""
"http://www.ic.ufal.br/dac/author/lattes/2533218769833747","","","Tecnologia Educacional","Ensino-Aprendizagem","CIENCIAS_HUMANAS","Educação","","","CIENCIAS_HUMANAS","","","","","Arthur Guimarães","GUIMARÃES, Arthur","","1","Ítalo Modesto Dutra","DUTRA, Í. M.","2533218769833747","2","","","","","","","","","","","","","","","","","","","","","2004","","NAO","NAO","http://www.novaescola.com.br","Português","IMPRESSO","REVISTA_MAGAZINE","Brasil","Um software que ajuda a radiografar o raciocínio","","01032004","01030116","São Paulo-SP","43","42","Revista Nova Escola","170","","","mapas conceituais","software","educação básica","","","","65","","",""
"http://www.ic.ufal.br/dac/author/lattes/","","","","","","","","","","","","","","Davidson Cury","CURY, D.","9575037824966283","2","Maria Cláudia Silva Boeres","BOERES, M. C. S.","0528154281423964","3","Juliana Hiroko Kowata","KOWATA, J. H.","","1","","","","","","","","","","","","","","","","","2012","","","NAO","http://www.br-ie.org/pub/index.php/rbie/article/view/1367/1192","Português","MEIO_DIGITAL","REVISTA_MAGAZINE","Brasil","Em direção à construção automática de Mapas Conceituais a partir de textos","","","14145685","","49","33","Revista Brasileira de Informática na Educação","","","","","","","","","","8","","",""
"http://www.ic.ufal.br/dac/author/lattes/2007782081314920","","","Tratamentos e Aproveitamento de Rejeitos","Tecnologia Química","ENGENHARIAS","","","","","","","","","","","","","","","","","","","","","","","","","","","","","","","","","Fábio Merçon","MERÇON, F.;MERÇON, FÁBIO;MERÇON, FABIO","2007782081314920","1","2004","","NAO","NAO","","Português","IMPRESSO","JORNAL_DE_NOTICIAS","Brasil","Membranas Poliméricas","","01052004","","Niterói","12","12","Jornal de Plásticos","","","","processos de separação com membranas","","","","","","223","Desenvolvimento de Novos Materiais","",""
"http://www.ic.ufal.br/dac/author/lattes/4898201916360294","","","","","","","","","","","","","","","","","","","","","","","","","","","","","","","","","","","","","","Luciana de Souza Gracioso","GRACIOSO, L. S.;GRACIOSO, LUCIANA DE SOUZA","4898201916360294","1","2012","","NAO","NAO","","Português","IMPRESSO","REVISTA_MAGAZINE","Brasil","Biblioteconomia e Ciência da Informação","","","","","","","Folder","","","","","","","","","","370","","",""
"http://www.ic.ufal.br/dac/author/lattes/2703384157059932","","","","","","","","","","","","","","","","","","","","","","","","","","","","","","","","","","","","","","Maria Celeste Reis Fernandes de Souza","SOUZA, M. C. R. F.;SOUZA, MARIA CELESTE REIS FERNANDES;SOUZA, MARIA CELESTE REIS FERNANDES DE;FERNANDES, Maria Celeste de Souza","2703384157059932","1","2003","","NAO","SIM","","Português","IMPRESSO","REVISTA_MAGAZINE","Brasil","De sentidos e Cuidados: O universo feminino na EJA","","08102003","","Governador Valadares","53","51","Revista Laço","","","","","","","","","","3","","",""
"http://www.ic.ufal.br/dac/author/lattes/4038730280834132","","","","","","","","","","","","","","Itana Maria Gimenes","GIMENES, I. M.","","1","Ig Ibert Bittencourt Santana Pinto","BITTENCOURT, IG, I.","","2","","","","","","","","","","","","","","","","","","","","","2013","","NAO","NAO","www.sbc.org.br","Português","MEIO_DIGITAL","REVISTA_MAGAZINE","Brasil","DesafiE! II Workshop de desafios da computação aplicado a educação","","01082013","15198219","","40","36","Revista Computação Brasil","","","","","","","","","","508","","",""
"http://www.ic.ufal.br/dac/author/lattes/","","Ciência da Computação","","Sistemas de Computação","CIENCIAS_EXATAS_E_DA_TERRA","","","","","","","","","Tiago Takamoto","TAKAMOTO, T.","","2","Rafael Navarro","NAVARRO, R.","","3","Jose Claudio Vahl Junior","VAHL JUNIOR, J. C.","","1","","","","","","","","","","","","","","","","","2009","","NAO","NAO","","Português","IMPRESSO","REVISTA_MAGAZINE","Brasil","OpenSocial - A tradução da Torre de Babel nas redes sociais","OpenSocial - The Tower of Babel translation in social networks","01042009","","","","","Java Magazine","","","","Comunicação mediada por computador","Mídias sociais","","","","","10","Atividades dos serviços de tecnologia da informação","",""
"http://www.ic.ufal.br/dac/author/lattes/4394162331037750","","","Engenharia de Software","Metodologia e Técnicas da Computação","CIENCIAS_EXATAS_E_DA_TERRA","","","","","","","","","","","","","","","","","","","","","","","","","","","","","","","","","Alberto Barbosa Raposo","RAPOSO, A. B.;RAPOSO, A.;RAPOSO, ALBERTO B.;Raposo, Alberto Barbosa;Raposo, Alberto","4394162331037750","1","1995","","NAO","NAO","","Português","IMPRESSO","REVISTA_MAGAZINE","Brasil","Engenharia de Software: Disciplinando a Programação","","","","Rio de Janeiro","16","14","CPU-PC","IV(19)","","","Engenharia de Software","","","","","","4","","",""
